{
    "$schema": "https://schema.management.azure.com/schemas/2015-01-01/deploymentParameters.json#",
    "contentVersion": "1.0.0.0",
    "parameters": {
        "subscription": {
            "value": "1354ac25-f198-40b9-a059-f348dec0c145"
        },
        "resourceGroup": {
            "value": "Globant_challenge"
        },
        "name": {
            "value": "globant-challenge-df"
        },
        "version": {
            "value": "V2"
        },
        "location": {
            "value": "eastus"
        },
        "vNetEnabled": {
            "value": false
        },
        "publicNetworkAccess": {
            "value": true
        },
        "privateEndpoints": {
            "value": []
        },
        "gitConfigureLater": {
            "value": false
        },
        "gitRepoType": {
            "value": "FactoryGitHubConfiguration"
        },
        "gitAccountName": {
            "value": "apaccha"
        },
        "gitRepositoryName": {
            "value": "globant_challenge"
        },
        "gitCollaborationBranch": {
            "value": "main"
        },
        "gitRootFolder": {
            "value": "/factorydata"
        },
        "tagsByResource": {
            "value": {}
        },
        "userAssignedIdentitiesStr": {
            "value": "{\"type\": \"SystemAssigned,UserAssigned\", \"userAssignedIdentities\": {\"\": {}"
        },
        "vaultBaseUrl": {
            "value": ""
        },
        "keyName": {
            "value": ""
        },
        "keyVersion": {
            "value": ""
        },
        "enableCMK": {
            "value": false
        }
    }
}